{
  "difficulty": "hard",
  "fitness": 3000.0,
  "num_inputs": 118,
  "num_outputs": 8,
  "input_keys": [
    -1,
    -2,
    -3,
    -4,
    -5,
    -6,
    -7,
    -8,
    -9,
    -10,
    -11,
    -12,
    -13,
    -14,
    -15,
    -16,
    -17,
    -18,
    -19,
    -20,
    -21,
    -22,
    -23,
    -24,
    -25,
    -26,
    -27,
    -28,
    -29,
    -30,
    -31,
    -32,
    -33,
    -34,
    -35,
    -36,
    -37,
    -38,
    -39,
    -40,
    -41,
    -42,
    -43,
    -44,
    -45,
    -46,
    -47,
    -48,
    -49,
    -50,
    -51,
    -52,
    -53,
    -54,
    -55,
    -56,
    -57,
    -58,
    -59,
    -60,
    -61,
    -62,
    -63,
    -64,
    -65,
    -66,
    -67,
    -68,
    -69,
    -70,
    -71,
    -72,
    -73,
    -74,
    -75,
    -76,
    -77,
    -78,
    -79,
    -80,
    -81,
    -82,
    -83,
    -84,
    -85,
    -86,
    -87,
    -88,
    -89,
    -90,
    -91,
    -92,
    -93,
    -94,
    -95,
    -96,
    -97,
    -98,
    -99,
    -100,
    -101,
    -102,
    -103,
    -104,
    -105,
    -106,
    -107,
    -108,
    -109,
    -110,
    -111,
    -112,
    -113,
    -114,
    -115,
    -116,
    -117,
    -118
  ],
  "output_keys": [
    0,
    1,
    2,
    3,
    4,
    5,
    6,
    7
  ],
  "node_evals": [
    {
      "node": 0,
      "bias": -0.18890810786537493,
      "response": 1.0,
      "activation": "sigmoid_activation",
      "links": [
        [
          -1,
          -0.09561095073510517
        ],
        [
          -7,
          -0.469088160392438
        ],
        [
          -49,
          0.06230468123700324
        ],
        [
          -62,
          -0.8101849456216605
        ],
        [
          -66,
          1.3136742474124528
        ],
        [
          -81,
          0.17175648032235863
        ],
        [
          -100,
          -0.8562099052225627
        ],
        [
          -107,
          -0.4536388498694155
        ]
      ]
    },
    {
      "node": 1,
      "bias": -0.3242486505225784,
      "response": 1.0,
      "activation": "sigmoid_activation",
      "links": [
        [
          -20,
          -0.140976589770518
        ],
        [
          -48,
          -0.897177589185622
        ],
        [
          -58,
          -0.2868670795898187
        ],
        [
          -79,
          0.14364497537051085
        ]
      ]
    },
    {
      "node": 2,
      "bias": 0.745651984265242,
      "response": 1.0,
      "activation": "clamped_activation",
      "links": [
        [
          -48,
          0.8962171469504407
        ],
        [
          -60,
          0.3941604060548221
        ],
        [
          -71,
          1.5524171238837972
        ],
        [
          -75,
          0.5043580694294602
        ]
      ]
    },
    {
      "node": 3,
      "bias": -2.120068592600125,
      "response": 1.0,
      "activation": "tanh_activation",
      "links": [
        [
          -22,
          0.3493072451273247
        ],
        [
          -31,
          0.3665221953748492
        ],
        [
          -34,
          -0.19157721744762932
        ],
        [
          -65,
          -0.4575677764001335
        ],
        [
          -78,
          -0.47258894365827314
        ],
        [
          -83,
          0.7585690500732511
        ],
        [
          -97,
          0.404932247847167
        ],
        [
          -102,
          0.48912483422365804
        ]
      ]
    },
    {
      "node": 4,
      "bias": -0.5883281140421935,
      "response": 1.0,
      "activation": "relu_activation",
      "links": [
        [
          -8,
          -1.5344175762279741
        ],
        [
          -27,
          0.9175557194480329
        ],
        [
          -29,
          0.7674871288753211
        ],
        [
          -33,
          -0.5245143501911661
        ],
        [
          -42,
          -0.03625293859505166
        ],
        [
          -85,
          1.0157893428179356
        ],
        [
          -99,
          -1.3650264857806969
        ]
      ]
    },
    {
      "node": 5,
      "bias": -1.1658556338974295,
      "response": 1.0,
      "activation": "sigmoid_activation",
      "links": [
        [
          -5,
          -1.1188087300698077
        ],
        [
          -17,
          0.6355559787192759
        ],
        [
          -20,
          -0.23874607923700134
        ],
        [
          -36,
          0.007156981113155145
        ],
        [
          -44,
          0.010447994834291874
        ],
        [
          -64,
          0.1806263769792153
        ],
        [
          -66,
          0.2126040815455601
        ],
        [
          -69,
          -0.0017574421120364891
        ],
        [
          -89,
          -0.9597579291758487
        ]
      ]
    },
    {
      "node": 6,
      "bias": -0.11001704921340948,
      "response": 1.0,
      "activation": "sigmoid_activation",
      "links": [
        [
          -7,
          0.037255014972522815
        ],
        [
          -28,
          1.2728402043769882
        ],
        [
          -34,
          0.45931407975962213
        ],
        [
          -48,
          0.23697599851380816
        ],
        [
          -52,
          0.15241338340173516
        ],
        [
          -72,
          0.9240743820299253
        ],
        [
          -74,
          -0.5553820918537224
        ],
        [
          -75,
          1.2808659469199417
        ],
        [
          -77,
          -2.10797316134714
        ],
        [
          -104,
          0.7844113937869177
        ],
        [
          -111,
          0.5294887400732042
        ]
      ]
    },
    {
      "node": 7,
      "bias": 0.04291777247912926,
      "response": 1.0,
      "activation": "tanh_activation",
      "links": [
        [
          -11,
          -1.0866339464395476
        ],
        [
          -43,
          0.03964536964383475
        ],
        [
          -50,
          0.15853355142220843
        ],
        [
          -56,
          0.9592539260055405
        ],
        [
          -71,
          -0.31726304672121336
        ],
        [
          -88,
          -1.9101774203890856
        ],
        [
          -115,
          1.464531517623961
        ]
      ]
    }
  ],
  "output_meaning": {
    "0": "buy_property (>0.5 = buy)",
    "1": "bid_ratio (fraction of cash to bid)",
    "2": "build_house (>0.5 = build when possible)",
    "3": "sell_house (>0.5 = sell houses)",
    "4": "mortgage (>0.5 = mortgage property)",
    "5": "unmortgage (>0.5 = unmortgage property)",
    "6": "trade_aggression (0-1, higher = more willing to trade)",
    "7": "jail_decision (>0.5 = pay fine, <0.5 = roll/use card)"
  }
}