{
  "difficulty": "hard",
  "fitness": 3117.7656583999023,
  "num_inputs": 118,
  "num_outputs": 8,
  "input_keys": [
    -1,
    -2,
    -3,
    -4,
    -5,
    -6,
    -7,
    -8,
    -9,
    -10,
    -11,
    -12,
    -13,
    -14,
    -15,
    -16,
    -17,
    -18,
    -19,
    -20,
    -21,
    -22,
    -23,
    -24,
    -25,
    -26,
    -27,
    -28,
    -29,
    -30,
    -31,
    -32,
    -33,
    -34,
    -35,
    -36,
    -37,
    -38,
    -39,
    -40,
    -41,
    -42,
    -43,
    -44,
    -45,
    -46,
    -47,
    -48,
    -49,
    -50,
    -51,
    -52,
    -53,
    -54,
    -55,
    -56,
    -57,
    -58,
    -59,
    -60,
    -61,
    -62,
    -63,
    -64,
    -65,
    -66,
    -67,
    -68,
    -69,
    -70,
    -71,
    -72,
    -73,
    -74,
    -75,
    -76,
    -77,
    -78,
    -79,
    -80,
    -81,
    -82,
    -83,
    -84,
    -85,
    -86,
    -87,
    -88,
    -89,
    -90,
    -91,
    -92,
    -93,
    -94,
    -95,
    -96,
    -97,
    -98,
    -99,
    -100,
    -101,
    -102,
    -103,
    -104,
    -105,
    -106,
    -107,
    -108,
    -109,
    -110,
    -111,
    -112,
    -113,
    -114,
    -115,
    -116,
    -117,
    -118
  ],
  "output_keys": [
    0,
    1,
    2,
    3,
    4,
    5,
    6,
    7
  ],
  "node_evals": [
    {
      "node": 0,
      "bias": -1.0131353788737492,
      "response": 1.0,
      "activation": "relu_activation",
      "links": [
        [
          -108,
          0.024328191251343112
        ],
        [
          -47,
          -0.31611579127801
        ],
        [
          -78,
          -0.33279031543576715
        ],
        [
          -67,
          -0.5662310459011785
        ],
        [
          -81,
          -0.939150449651114
        ],
        [
          -87,
          -0.6670887741666005
        ],
        [
          -88,
          -0.39984383694592546
        ],
        [
          -118,
          -0.23674722998210115
        ],
        [
          -98,
          1.1471725399587185
        ],
        [
          -102,
          -0.017912053589121152
        ],
        [
          -103,
          -0.2128138204368092
        ],
        [
          -107,
          -0.5839923946012849
        ],
        [
          -117,
          -0.0049731447398807666
        ],
        [
          -89,
          -0.8090337074109355
        ],
        [
          -57,
          0.073110523039343
        ]
      ]
    },
    {
      "node": 1,
      "bias": -0.5587963043816024,
      "response": 1.0,
      "activation": "sigmoid_activation",
      "links": [
        [
          -1,
          0.25917057106686725
        ],
        [
          -70,
          0.33275889065392694
        ],
        [
          -26,
          -0.1896656944956378
        ],
        [
          -52,
          -0.3683448634084009
        ],
        [
          -58,
          0.6196813760258195
        ],
        [
          -62,
          1.1234135728989059
        ],
        [
          -66,
          0.44930980427155187
        ],
        [
          -85,
          -0.1810059077478955
        ]
      ]
    },
    {
      "node": 2,
      "bias": 2.904165406943728,
      "response": 1.0,
      "activation": "relu_activation",
      "links": [
        [
          -3,
          0.0076948003922681085
        ],
        [
          -5,
          0.3672656978109782
        ],
        [
          -10,
          1.6919310782205803
        ],
        [
          -16,
          0.4000713364787835
        ],
        [
          -18,
          0.058423813684926384
        ],
        [
          -25,
          -0.5004076239281449
        ],
        [
          -30,
          0.1767633884616622
        ],
        [
          -50,
          0.8904684505058529
        ],
        [
          -63,
          0.5338888313305062
        ],
        [
          -76,
          1.3499090342247042
        ],
        [
          -83,
          -0.23288003951761022
        ],
        [
          -90,
          -0.7893949440443493
        ],
        [
          -93,
          -0.5105999021694797
        ],
        [
          -100,
          0.05181276831378315
        ],
        [
          -108,
          0.05814511853281586
        ],
        [
          -117,
          -0.9774637573016349
        ],
        [
          -46,
          0.8415501696754819
        ]
      ]
    },
    {
      "node": 3,
      "bias": -4.845558447810515,
      "response": 1.0,
      "activation": "clamped_activation",
      "links": [
        [
          -2,
          0.49483231495194674
        ],
        [
          -8,
          0.7696588482279283
        ],
        [
          -20,
          -0.7107702078774399
        ],
        [
          -42,
          0.37643216781311906
        ],
        [
          -48,
          2.290019126999869
        ],
        [
          -64,
          0.9117439255653413
        ],
        [
          -88,
          0.5002409012685514
        ],
        [
          -100,
          0.03643346890479664
        ],
        [
          -78,
          0.33245159339645414
        ]
      ]
    },
    {
      "node": 5,
      "bias": -1.0143261769967111,
      "response": 1.0,
      "activation": "relu_activation",
      "links": [
        [
          -6,
          -0.6148517094423286
        ],
        [
          -7,
          -0.40836244384157705
        ],
        [
          -25,
          0.18159077431543658
        ],
        [
          -33,
          1.1808380774191694
        ],
        [
          -47,
          -1.0195269376639118
        ],
        [
          -72,
          -0.7765272392375366
        ],
        [
          -74,
          0.22255196374682285
        ],
        [
          -99,
          -1.9400362801451694
        ],
        [
          -105,
          -0.565221299757577
        ],
        [
          -108,
          -0.44207334113912267
        ],
        [
          -79,
          -0.5433812804416956
        ]
      ]
    },
    {
      "node": 6,
      "bias": -0.197243477458231,
      "response": 1.0,
      "activation": "clamped_activation",
      "links": [
        [
          -1,
          0.963327770340551
        ],
        [
          -7,
          -0.051528766440247425
        ],
        [
          -28,
          0.03948120109702069
        ],
        [
          -15,
          -0.19599667384033875
        ],
        [
          -22,
          -1.4385748031979082
        ],
        [
          -30,
          0.23213777988802528
        ],
        [
          -34,
          1.1901589731418978
        ],
        [
          -50,
          -0.3933219206718881
        ],
        [
          -58,
          -0.12286782319129337
        ],
        [
          -60,
          -0.29833917815328415
        ],
        [
          -66,
          -1.1592541016025193
        ],
        [
          -32,
          -0.8264062543342926
        ],
        [
          -111,
          -0.8364747161385313
        ],
        [
          -20,
          0.5646239506966293
        ]
      ]
    },
    {
      "node": 7,
      "bias": -0.09607503553177893,
      "response": 1.0,
      "activation": "clamped_activation",
      "links": [
        [
          -6,
          1.2681712532000842
        ],
        [
          -13,
          1.379315262833364
        ],
        [
          -24,
          0.25302063825950966
        ],
        [
          -47,
          0.05785382621903368
        ],
        [
          -73,
          0.307575122910058
        ],
        [
          -90,
          0.014767301571325312
        ],
        [
          -100,
          -0.5675973328880723
        ],
        [
          -103,
          -0.29876376715066744
        ],
        [
          -109,
          0.47763943374472867
        ]
      ]
    },
    {
      "node": 283295,
      "bias": 0.41923177875337436,
      "response": 1.0,
      "activation": "clamped_activation",