{
  "difficulty": "hard",
  "fitness": 3573.8824628496577,
  "num_inputs": 118,
  "num_outputs": 8,
  "input_keys": [
    -1,
    -2,
    -3,
    -4,
    -5,
    -6,
    -7,
    -8,
    -9,
    -10,
    -11,
    -12,
    -13,
    -14,
    -15,
    -16,
    -17,
    -18,
    -19,
    -20,
    -21,
    -22,
    -23,
    -24,
    -25,
    -26,
    -27,
    -28,
    -29,
    -30,
    -31,
    -32,
    -33,
    -34,
    -35,
    -36,
    -37,
    -38,
    -39,
    -40,
    -41,
    -42,
    -43,
    -44,
    -45,
    -46,
    -47,
    -48,
    -49,
    -50,
    -51,
    -52,
    -53,
    -54,
    -55,
    -56,
    -57,
    -58,
    -59,
    -60,
    -61,
    -62,
    -63,
    -64,
    -65,
    -66,
    -67,
    -68,
    -69,
    -70,
    -71,
    -72,
    -73,
    -74,
    -75,
    -76,
    -77,
    -78,
    -79,
    -80,
    -81,
    -82,
    -83,
    -84,
    -85,
    -86,
    -87,
    -88,
    -89,
    -90,
    -91,
    -92,
    -93,
    -94,
    -95,
    -96,
    -97,
    -98,
    -99,
    -100,
    -101,
    -102,
    -103,
    -104,
    -105,
    -106,
    -107,
    -108,
    -109,
    -110,
    -111,
    -112,
    -113,
    -114,
    -115,
    -116,
    -117,
    -118
  ],
  "output_keys": [
    0,
    1,
    2,
    3,
    4,
    5,
    6,
    7
  ],
  "node_evals": [
    {
      "node": 1,
      "bias": -0.41968481826246307,
      "response": 1.0,
      "activation": "sigmoid_activation",
      "links": [
        [
          -1,
          0.16225510477051536
        ],
        [
          -12,
          0.02025864621549513
        ],
        [
          -28,
          -0.35411374087863623
        ],
        [
          -82,
          -0.8583348390625278
        ],
        [
          -85,
          0.48198102594431774
        ],
        [
          -87,
          0.9030118084572623
        ]
      ]
    },
    {
      "node": 2,
      "bias": 3.6930260566439896,
      "response": 1.0,
      "activation": "clamped_activation",
      "links": [
        [
          -3,
          0.4367103677246394
        ],
        [
          -5,
          -1.0321179502032092
        ],
        [
          -8,
          0.6566153381870092
        ],
        [
          -21,
          -0.29603008330496744
        ],
        [
          -27,
          1.817116936884058
        ],
        [
          -41,
          0.6045846699921568
        ],
        [
          -50,
          -0.2677588421343316
        ],
        [
          -81,
          -0.5570075027478854
        ],
        [
          -96,
          -0.2628705000383303
        ],
        [
          -98,
          -0.8310509860687281
        ],
        [
          -100,
          -0.5244385167668921
        ]
      ]
    },
    {
      "node": 4,
      "bias": -0.14497675061206552,
      "response": 1.0,
      "activation": "clamped_activation",
      "links": [
        [
          -11,
          1.1332689019381552
        ],
        [
          -17,
          0.2734520662902743
        ],
        [
          -23,
          -0.04103490380506396
        ],
        [
          -35,
          -0.046560930777063254
        ],
        [
          -45,
          0.02575041443927456
        ],
        [
          -50,
          -0.4817796374933256
        ],
        [
          -69,
          0.3666590174442246
        ],
        [
          -81,
          -0.5607135606769943
        ],
        [
          -92,
          -0.4340421296119241
        ]
      ]
    },
    {
      "node": 7,
      "bias": 2.442863651179138,
      "response": 1.0,
      "activation": "sigmoid_activation",
      "links": [
        [
          -5,
          -0.03113863708177207
        ],
        [
          -7,
          -0.23894659950077785
        ],
        [
          -14,
          -0.03465368068328678
        ],
        [
          -35,
          -0.5180438611534073
        ],
        [
          -47,
          -1.6836641639144057
        ],
        [
          -53,
          0.0015070501165351247
        ],
        [
          -72,
          0.5160955591547729
        ],
        [
          -87,
          0.4426224605224619
        ],
        [
          -105,
          0.829775998246031
        ],
        [
          -118,
          -0.8491435594281277
        ],
        [
          -41,
          -0.338269204762559
        ]
      ]
    },
    {
      "node": 120588,
      "bias": 1.364009406973356,
      "response": 1.0,
      "activation": "relu_activation",
      "links": [
        [
          -113,
          0.7717545792065368
        ],
        [
          -74,
          -0.3964844408791163
        ]
      ]
    },
    {
      "node": 124335,
      "bias": 0.10998390780911964,
      "response": 1.0,
      "activation": "clamped_activation",
      "links": [
        [
          -26,
          0.37352102401422854
        ]
      ]
    },
    {
      "node": 130097,
      "bias": -0.28203679949529253,
      "response": 1.0,
      "activation": "clamped_activation",
      "links": [
        [
          -113,
          -0.5748764477991066
        ]
      ]
    },
    {
      "node": 121692,
      "bias": 0.22689262917460723,
      "response": 1.0,
      "activation": "clamped_activation",
      "links": [
        [
          -100,
          1.0089923296648415
        ],
        [
          -109,
          -0.029339981346132304
        ]
      ]
    },
    {
      "node": 0,
      "bias": -0.8324810082125736,
      "response": 1.0,
      "activation": "relu_activation",
      "links": [
        [
          -5,
          -0.3783262654888617
        ],
        [
          -31,
          -0.32247215538590035
        ],
        [
          130097,
          0.5485892541531034
        ],
        [
          -41,
          0.20968881115280297
        ],
        [
          -47,
          0.0013075817086488084
        ],
        [
          -56,
          -0.9915548365554917
        ],
        [
          -61,
          0.11381667712980031
        ],
        [
          -92,
          0.4718799778171849
        ],
        [
          -99,
          0.10258096579121614
        ],
        [
          -117,
          0.12710571023658004
        ],
        [
          -77,
          -1.102069091450022
        ]
      ]
    },
    {
      "node": 3,
      "bias": -2.4696765619657515,
      "response": 1.0,
      "activation": "clamped_activation",
      "links": [
        [
          -1,
          0.604057596699764
        ],
        [
          -11,
          1.3063845737635438
        ],
        [
          -27,
          -0.5467058911695744
        ],
        [
          -39,
          0.08191645463686688
        ],
        [
          -63,
          -0.44224152681109563
        ],
        [
          -66,
          -0.07217963891787826
        ],
        [
          -81,
          -0.07357268842762082
        ],
        [
          -87,
          -0.17307515017889435
        ],
        [
          -98,
          -0.05248199479736815
        ],
        [
          -100,
          -0.4867711476739076
        ],
        [
          121692,
          -0.8972489860032214
        ],
        [
          -17,
          -0.11980080324023461
        ],
        [
          -96,
          -0.8591580483365822
        ],
        [
          -55,
          -0.3223860488340288
        ]
      ]
    },
    {
      "node": 5,
      "bias": -2.459474305955026,
      "response": 1.0,
      "activation": "relu_activation",