{
  "difficulty": "hard",
  "fitness": 3064.008374013956,
  "num_inputs": 118,
  "num_outputs": 8,
  "input_keys": [
    -1,
    -2,
    -3,
    -4,
    -5,
    -6,
    -7,
    -8,
    -9,
    -10,
    -11,
    -12,
    -13,
    -14,
    -15,
    -16,
    -17,
    -18,
    -19,
    -20,
    -21,
    -22,
    -23,
    -24,
    -25,
    -26,
    -27,
    -28,
    -29,
    -30,
    -31,
    -32,
    -33,
    -34,
    -35,
    -36,
    -37,
    -38,
    -39,
    -40,
    -41,
    -42,
    -43,
    -44,
    -45,
    -46,
    -47,
    -48,
    -49,
    -50,
    -51,
    -52,
    -53,
    -54,
    -55,
    -56,
    -57,
    -58,
    -59,
    -60,
    -61,
    -62,
    -63,
    -64,
    -65,
    -66,
    -67,
    -68,
    -69,
    -70,
    -71,
    -72,
    -73,
    -74,
    -75,
    -76,
    -77,
    -78,
    -79,
    -80,
    -81,
    -82,
    -83,
    -84,
    -85,
    -86,
    -87,
    -88,
    -89,
    -90,
    -91,
    -92,
    -93,
    -94,
    -95,
    -96,
    -97,
    -98,
    -99,
    -100,
    -101,
    -102,
    -103,
    -104,
    -105,
    -106,
    -107,
    -108,
    -109,
    -110,
    -111,
    -112,
    -113,
    -114,
    -115,
    -116,
    -117,
    -118
  ],
  "output_keys": [
    0,
    1,
    2,
    3,
    4,
    5,
    6,
    7
  ],
  "node_evals": [
    {
      "node": 0,
      "bias": -0.3257254821955665,
      "response": 1.0,
      "activation": "tanh_activation",
      "links": [
        [
          -18,
          -0.4886487111336526
        ],
        [
          -29,
          0.9614918512767531
        ],
        [
          -39,
          0.07942074795481333
        ],
        [
          -41,
          -0.6869825300968221
        ],
        [
          -81,
          -1.252745358871203
        ],
        [
          -92,
          -0.10927024959417046
        ],
        [
          -101,
          -0.38566757375737165
        ],
        [
          -86,
          -0.3554624513696834
        ],
        [
          -100,
          -0.41752494435363874
        ]
      ]
    },
    {
      "node": 1,
      "bias": -0.5485505764090526,
      "response": 1.0,
      "activation": "sigmoid_activation",
      "links": [
        [
          -1,
          0.4633684775047175
        ],
        [
          -32,
          0.8614533515104427
        ]
      ]
    },
    {
      "node": 2,
      "bias": 1.005584098728855,
      "response": 1.0,
      "activation": "sigmoid_activation",
      "links": [
        [
          -6,
          -0.14299833152900393
        ],
        [
          -17,
          1.2542872994258571
        ],
        [
          -21,
          -0.13639470582017782
        ],
        [
          -27,
          -0.80259322280686
        ],
        [
          -113,
          -0.150653952615014
        ],
        [
          -61,
          -1.0172898089927287
        ],
        [
          -111,
          -0.7398481549768672
        ],
        [
          -50,
          0.3678648051663652
        ],
        [
          -7,
          0.643728763036882
        ],
        [
          -79,
          -0.3829699952143203
        ],
        [
          -23,
          0.23492560527297027
        ],
        [
          -97,
          0.09420808033135442
        ],
        [
          -98,
          -1.0198747488892423
        ],
        [
          -2,
          0.9965243617207236
        ],
        [
          -117,
          1.320434417944001
        ]
      ]
    },
    {
      "node": 3,
      "bias": -1.7251316055242185,
      "response": 1.0,
      "activation": "clamped_activation",
      "links": [
        [
          -9,
          -0.5291314733512816
        ],
        [
          -24,
          -0.5563869677485083
        ],
        [
          -44,
          -0.4701864500620101
        ],
        [
          -58,
          0.21091836970675668
        ],
        [
          -64,
          1.050642317820178
        ],
        [
          -71,
          -0.6030201325052639
        ],
        [
          -89,
          -0.9723707780253552
        ],
        [
          -68,
          -1.7788313423230337
        ],
        [
          -113,
          0.7001574649252356
        ]
      ]
    },
    {
      "node": 463972,
      "bias": -0.20150143494747758,
      "response": 1.0,
      "activation": "tanh_activation",
      "links": [
        [
          -63,
          0.9946529566773015
        ]
      ]
    },
    {
      "node": 5,
      "bias": 0.6166430788049896,
      "response": 1.0,
      "activation": "relu_activation",
      "links": [
        [
          -97,
          -0.5025518083713594
        ],
        [
          -47,
          -1.0440541530259915
        ],
        [
          -59,
          0.5044365821639283
        ],
        [
          -17,
          0.2423239693848454
        ],
        [
          -61,
          0.027552300303501365
        ]
      ]
    },
    {
      "node": 6,
      "bias": 0.30967759573727693,
      "response": 1.0,
      "activation": "tanh_activation",
      "links": [
        [
          -30,
          -1.3730578107207356
        ],
        [
          -111,
          -0.2482788398528619
        ],
        [
          -46,
          0.21378527862233626
        ],
        [
          -75,
          -0.585457842399046
        ],
        [
          -73,
          -0.05618521252601327
        ],
        [
          -80,
          -0.9717043472910485
        ],
        [
          -90,
          -0.3859464303778177
        ],
        [
          -77,
          3.1676325926803575
        ]
      ]
    },
    {
      "node": 7,
      "bias": 1.174759113305885,
      "response": 1.0,
      "activation": "relu_activation",
      "links": [
        [
          -6,
          0.40412834626760236
        ],
        [
          -4,
          0.7621349476246184
        ],
        [
          -57,
          0.32437746886327057
        ],
        [
          -18,
          0.38629729742603186
        ],
        [
          -42,
          -0.6841216298345649
        ],
        [
          -64,
          1.31380287530411
        ],
        [
          -48,
          1.419419497952172
        ],
        [
          -102,
          -0.49419263706934285
        ],
        [
          -78,
          1.6056857011397
        ],
        [
          -60,
          0.053592641763167914
        ]
      ]
    },
    {
      "node": 464079,
      "bias": 0.12537941134414798,
      "response": 1.0,
      "activation": "clamped_activation",
      "links": [
        [
          -65,
          0.020404586861399426
        ],
        [
          -63,
          0.5902177117381348
        ]
      ]
    },
    {
      "node": 4,
      "bias": 0.6666940268273447,
      "response": 1.0,
      "activation": "sigmoid_activation",
      "links": [
        [
          -87,
          -0.46222830010724647
        ],
        [
          -118,
          -1.2265983632556428
        ],
        [
          -92,
          -0.22800393308662606
        ],
        [
          463972,
          0.2641988257491851
        ],
        [
          -16,
          0.13877238895501948
        ],
        [
          -58,
          0.28490855432125883
        ],
        [
          -107,
          -0.12825736022504253
        ],
        [
          -88,
          0.5406764251102811
        ],
        [
          -98,
          0.052630745457924344
        ],
        [
          464079,
          0.42096987073466463
        ]
      ]
    }
  ],
  "output_meaning": {
    "0": "buy_property (>0.5 = buy)",
    "1": "bid_ratio (fraction of cash to bid)",
    "2": "build_house (>0.5 = build when possible)",
    "3": "sell_house (>0.5 = sell houses)",
    "4": "mortgage (>0.5 = mortgage property)",
    "5": "unmortgage (>0.5 = unmortgage property)",
    "6": "trade_aggression (0-1, higher = more willing to trade)",
    "7": "jail_decision (>0.5 = pay fine, <0.5 = roll/use card)"
  }
}
