{
  "difficulty": "medium",
  "fitness": 3090.250847675323,
  "num_inputs": 118,
  "num_outputs": 8,
  "input_keys": [
    -1,
    -2,
    -3,
    -4,
    -5,
    -6,
    -7,
    -8,
    -9,
    -10,
    -11,
    -12,
    -13,
    -14,
    -15,
    -16,
    -17,
    -18,
    -19,
    -20,
    -21,
    -22,
    -23,
    -24,
    -25,
    -26,
    -27,
    -28,
    -29,
    -30,
    -31,
    -32,
    -33,
    -34,
    -35,
    -36,
    -37,
    -38,
    -39,
    -40,
    -41,
    -42,
    -43,
    -44,
    -45,
    -46,
    -47,
    -48,
    -49,
    -50,
    -51,
    -52,
    -53,
    -54,
    -55,
    -56,
    -57,
    -58,
    -59,
    -60,
    -61,
    -62,
    -63,
    -64,
    -65,
    -66,
    -67,
    -68,
    -69,
    -70,
    -71,
    -72,
    -73,
    -74,
    -75,
    -76,
    -77,
    -78,
    -79,
    -80,
    -81,
    -82,
    -83,
    -84,
    -85,
    -86,
    -87,
    -88,
    -89,
    -90,
    -91,
    -92,
    -93,
    -94,
    -95,
    -96,
    -97,
    -98,
    -99,
    -100,
    -101,
    -102,
    -103,
    -104,
    -105,
    -106,
    -107,
    -108,
    -109,
    -110,
    -111,
    -112,
    -113,
    -114,
    -115,
    -116,
    -117,
    -118
  ],
  "output_keys": [
    0,
    1,
    2,
    3,
    4,
    5,
    6,
    7
  ],
  "node_evals": [
    {
      "node": 0,
      "bias": 0.052530706600822374,
      "response": 1.0,
      "activation": "tanh_activation",
      "links": [
        [
          -4,
          -0.3605550668976765
        ],
        [
          -5,
          -0.230121870489969
        ],
        [
          -11,
          -1.0136042167203663
        ],
        [
          -18,
          0.8827880310238885
        ],
        [
          -32,
          0.0172480135725408
        ],
        [
          -46,
          -0.03519097595411108
        ],
        [
          -60,
          0.5197295526010081
        ],
        [
          -76,
          -0.3321003258454
        ],
        [
          -85,
          0.18361330157561326
        ],
        [
          -98,
          -0.03332779148862511
        ],
        [
          -103,
          -0.5502599507052626
        ]
      ]
    },
    {
      "node": 1,
      "bias": -0.5747462920080975,
      "response": 1.0,
      "activation": "sigmoid_activation",
      "links": [
        [
          -1,
          0.3321001280462088
        ],
        [
          -40,
          1.4528278092076128
        ],
        [
          -66,
          -0.6580063536641231
        ],
        [
          -70,
          -0.6799264293779546
        ],
        [
          -89,
          -0.9490291677579518
        ]
      ]
    },
    {
      "node": 2,
      "bias": 4.10729201373151,
      "response": 1.0,
      "activation": "tanh_activation",
      "links": [
        [
          -16,
          0.5935385531256512
        ],
        [
          -22,
          0.6058911265113291
        ],
        [
          -43,
          -0.3698800204323717
        ],
        [
          -70,
          -1.9344713619170646
        ],
        [
          -77,
          0.0853173291327474
        ],
        [
          -87,
          -0.31747346049437547
        ],
        [
          -89,
          0.15343224737587002
        ],
        [
          -93,
          -2.533096023243956
        ],
        [
          -94,
          0.11797242548608332
        ],
        [
          -113,
          -1.269793950755281
        ],
        [
          -56,
          -0.1564150426678334
        ]
      ]
    },
    {
      "node": 4,
      "bias": 1.2861781416507307,
      "response": 1.0,
      "activation": "clamped_activation",
      "links": [
        [
          -26,
          -0.44755556906569804
        ],
        [
          -33,
          0.013499130944134907
        ],
        [
          -45,
          -1.7082036495446717
        ],
        [
          -61,
          0.04057823789904946
        ],
        [
          -108,
          -0.24900910710334814
        ],
        [
          -110,
          0.2916908676206365
        ],
        [
          -117,
          -0.3027467359036768
        ]
      ]
    },
    {
      "node": 5,
      "bias": -0.1856490534381051,
      "response": 1.0,
      "activation": "relu_activation",
      "links": [
        [
          -24,
          -0.7960806714450294
        ],
        [
          -32,
          0.3160977346679545
        ],
        [
          -61,
          -0.2841300676848124
        ],
        [
          -65,
          -0.7386395563601134
        ],
        [
          -84,
          0.9545856626918153
        ],
        [
          -88,
          -1.4501546059863013
        ],
        [
          -93,
          0.06787940854466237
        ],
        [
          -103,
          0.17827467974724162
        ],
        [
          -2,
          -1.8915311301999953
        ],
        [
          -53,
          0.9163231204599179
        ]
      ]
    },
    {
      "node": 6,
      "bias": 0.531539110020177,
      "response": 1.0,
      "activation": "tanh_activation",
      "links": [
        [
          -1,
          -0.6500846997581571
        ],
        [
          -8,
          1.0743603033450086
        ],
        [
          -10,
          -0.2673266114048859
        ],
        [
          -32,
          0.2586338454995235
        ],
        [
          -40,
          0.9408172574796505
        ],
        [
          -52,
          -1.1081202503050156
        ],
        [
          -71,
          -0.8347483723505345
        ],
        [
          -77,
          -2.6109508080276123
        ]
      ]
    },
    {
      "node": 7,
      "bias": -0.6116952305636935,
      "response": 1.0,
      "activation": "relu_activation",
      "links": [
        [
          -13,
          0.8737539151502447
        ],
        [
          -36,
          0.29158523662504193
        ],
        [
          -39,
          -0.15323484987037903
        ],
        [
          -42,
          -0.6253522802361701
        ],
        [
          -43,
          0.4787267632155675
        ],
        [
          -49,
          -0.9510725556217635
        ],
        [
          -56,
          -0.29853812423771636
        ],
        [
          -61,
          -0.48273370766290236
        ],
        [
          -64,
          0.31851747524239105
        ],
        [
          -70,
          -0.05933628628085533
        ],
        [
          -77,
          -0.34456102722038673
        ],
        [
          -81,
          -0.4043895855035774
        ],
        [
          -87,
          0.1410998387135622
        ],
        [
          -89,
          -0.7893235951009653
        ],
        [
          -103,
          -0.02572202325099715
        ],
        [
          -113,
          -0.43867482587744044
        ],
        [
          -116,
          -0.9174137825582926
        ],
        [
          -97,
          -1.3209983440593929
        ]
      ]
    },
    {
      "node": 162495,
      "bias": -0.5276383974713972,
      "response": 1.0,
      "activation": "relu_activation",
      "links": [
        [
          -60,
          0.20284381200000984
        ]
      ]
    },
    {
      "node": 3,
      "bias": -2.332950113625663,
      "response": 1.0,
      "activation": "sigmoid_activation",