{
  "difficulty": "hard",
  "fitness": 3104.4241646397422,
  "num_inputs": 118,
  "num_outputs": 8,
  "input_keys": [
    -1,
    -2,
    -3,
    -4,
    -5,
    -6,
    -7,
    -8,
    -9,
    -10,
    -11,
    -12,
    -13,
    -14,
    -15,
    -16,
    -17,
    -18,
    -19,
    -20,
    -21,
    -22,
    -23,
    -24,
    -25,
    -26,
    -27,
    -28,
    -29,
    -30,
    -31,
    -32,
    -33,
    -34,
    -35,
    -36,
    -37,
    -38,
    -39,
    -40,
    -41,
    -42,
    -43,
    -44,
    -45,
    -46,
    -47,
    -48,
    -49,
    -50,
    -51,
    -52,
    -53,
    -54,
    -55,
    -56,
    -57,
    -58,
    -59,
    -60,
    -61,
    -62,
    -63,
    -64,
    -65,
    -66,
    -67,
    -68,
    -69,
    -70,
    -71,
    -72,
    -73,
    -74,
    -75,
    -76,
    -77,
    -78,
    -79,
    -80,
    -81,
    -82,
    -83,
    -84,
    -85,
    -86,
    -87,
    -88,
    -89,
    -90,
    -91,
    -92,
    -93,
    -94,
    -95,
    -96,
    -97,
    -98,
    -99,
    -100,
    -101,
    -102,
    -103,
    -104,
    -105,
    -106,
    -107,
    -108,
    -109,
    -110,
    -111,
    -112,
    -113,
    -114,
    -115,
    -116,
    -117,
    -118
  ],
  "output_keys": [
    0,
    1,
    2,
    3,
    4,
    5,
    6,
    7
  ],
  "node_evals": [
    {
      "node": 1,
      "bias": -0.31585207959211004,
      "response": 1.0,
      "activation": "sigmoid_activation",
      "links": [
        [
          -1,
          0.20057759223900642
        ],
        [
          -18,
          -0.35054463038678024
        ],
        [
          -46,
          -0.7764605102180375
        ],
        [
          -75,
          0.1473536464303001
        ],
        [
          -90,
          -0.10939800539034372
        ],
        [
          -107,
          -0.005788905994066729
        ],
        [
          -118,
          -0.01508635921067722
        ]
      ]
    },
    {
      "node": 4,
      "bias": 0.19770074242615454,
      "response": 1.0,
      "activation": "clamped_activation",
      "links": [
        [
          -31,
          -0.6609269530737218
        ],
        [
          -37,
          -0.029979610351842226
        ],
        [
          -56,
          1.330653996408485
        ],
        [
          -60,
          -1.1285226828412156
        ],
        [
          -67,
          0.8133892127881799
        ],
        [
          -70,
          1.6139821844680684
        ],
        [
          -71,
          -0.42509234963374587
        ],
        [
          -88,
          0.23347948937271615
        ],
        [
          -97,
          -0.17349761161137622
        ],
        [
          -109,
          0.16745559068036542
        ],
        [
          -118,
          -0.6656421469241606
        ]
      ]
    },
    {
      "node": 195140,
      "bias": -0.21720128103702155,
      "response": 1.0,
      "activation": "clamped_activation",
      "links": [
        [
          -96,
          0.8316146260728675
        ]
      ]
    },
    {
      "node": 6,
      "bias": 0.3529259526492409,
      "response": 1.0,
      "activation": "tanh_activation",
      "links": [
        [
          -1,
          -0.3975426938033937
        ],
        [
          -5,
          0.3186447023744433
        ],
        [
          -34,
          0.19592083660446447
        ],
        [
          -50,
          0.35069102788932777
        ],
        [
          -38,
          0.3458154415441067
        ],
        [
          -76,
          -0.29119882479427694
        ],
        [
          -78,
          0.007258440003372685
        ],
        [
          -92,
          0.320333437500658
        ],
        [
          -91,
          -0.4335837675483206
        ]
      ]
    },
    {
      "node": 194857,
      "bias": -0.5093647609696764,
      "response": 1.0,
      "activation": "sigmoid_activation",
      "links": [
        [
          -89,
          1.2008009048484072
        ]
      ]
    },
    {
      "node": 193070,
      "bias": 0.958132793797273,
      "response": 1.0,
      "activation": "clamped_activation",
      "links": [
        [
          -43,
          0.8161656681331675
        ]
      ]
    },
    {
      "node": 189295,
      "bias": -0.6009396387172342,
      "response": 1.0,
      "activation": "relu_activation",
      "links": [
        [
          -88,
          -1.1266900431238585
        ],
        [
          -86,
          0.23662349164183452
        ],
        [
          -2,
          0.07824577518396506
        ],
        [
          -117,
          0.4316183373922845
        ]
      ]
    },
    {
      "node": 191537,
      "bias": 0.06084817813025462,
      "response": 1.0,
      "activation": "clamped_activation",
      "links": [
        [
          -23,
          1.1787797497556316
        ],
        [
          -96,
          -0.42900475132114657
        ]
      ]
    },
    {
      "node": 190457,
      "bias": 0.07089882818992799,
      "response": 1.0,
      "activation": "relu_activation",
      "links": [
        [
          -106,
          -0.46943978580117685
        ]
      ]
    },
    {
      "node": 0,
      "bias": -2.746657842105274,
      "response": 1.0,
      "activation": "clamped_activation",
      "links": [
        [
          -8,
          -0.9375989834786242
        ],
        [
          -26,
          0.2218409310588934
        ],
        [
          -35,
          -0.20421834632647118
        ],
        [
          -95,
          -2.452132660473508
        ],
        [
          -34,
          0.17358725806358744
        ],
        [
          -71,
          0.1416004960938307
        ],
        [
          -72,
          0.0457785416815078
        ],
        [
          -84,
          0.4918342854229204
        ],
        [
          -88,
          0.5105753254534943
        ],
        [
          194857,
          0.21225727475470813
        ],
        [
          -96,
          0.18599276297988826
        ],
        [
          -102,
          1.0803694775527246
        ],
        [
          -103,
          0.47222509782957844
        ]
      ]
    },
    {
      "node": 2,
      "bias": 3.969130912900235,
      "response": 1.0,
      "activation": "sigmoid_activation",
      "links": [
        [
          -3,
          -0.9340591061299339
        ],
        [
          -21,
          0.4296084353540703
        ],
        [
          -22,
          -0.8005781895053677
        ],
        [
          -25,
          0.15716423955631356
        ],
        [
          -30,
          -1.6393681839338798
        ],
        [
          -41,
          0.19844148572868436
        ],
        [
          -47,
          -0.32949447509416
        ],
        [
          -73,
          0.9583157686472684
        ],
        [
          -78,
          -0.0396790417682132
        ],
        [
          -116,
          0.03787502237887065
        ],
        [
          -87,
          0.21029658989182842
        ],
        [
          -89,
          -0.40224643406197536
        ],
        [
          -92,
          0.9660273817991042
        ],
        [
          -94,
          1.2999391589320366
        ],
        [
          -108,
          0.7170420430493152
        ],
        [
          193070,
          0.003341116234198971
        ],
        [
          -56,
          0.5012973665641673
        ]
      ]
    },
    {
      "node": 3,
      "bias": -4.03689913291248,
      "response": 1.0,
      "activation": "clamped_activation",